date,10-Jan,10-Feb,10-Mar,10-Apr,10-May,10-Jun,10-Jul,10-Aug,10-Sep,10-Oct,10-Nov,10-Dec,11-Jan,11-Feb,11-Mar,11-Apr,11-May,11-Jun,11-Jul,11-Aug,11-Sep,11-Oct,11-Nov,11-Dec,12-Jan,12-Feb,12-Mar,12-Apr,12-May,12-Jun,12-Jul,12-Aug,12-Sep,12-Oct,12-Nov,12-Dec,13-Jan,13-Feb,13-Mar,13-Apr,13-May,13-Jun,13-Jul,13-Aug,13-Sep,13-Oct,13-Nov,13-Dec,14-Jan,14-Feb,14-Mar,14-Apr,14-May,14-Jun,14-Jul,14-Aug,14-Sep,14-Oct,14-Nov,14-Dec,15-Jan,15-Feb,15-Mar,15-Apr,15-May,15-Jun,15-Jul,15-Aug,15-Sep,15-Oct,15-Nov,15-Dec,16-Jan,16-Feb,16-Mar,16-Apr,16-May,16-Jun,16-Jul,16-Aug,16-Sep,16-Oct,16-Nov,16-Dec,17-Jan,17-Feb,17-Mar,17-Apr,17-May,17-Jun,17-Jul,17-Aug,17-Sep,17-Oct,17-Nov,17-Dec,18-Jan,18-Feb,18-Mar,18-Apr,18-May,18-Jun,18-Jul,18-Aug,18-Sep,18-Oct,18-Nov,18-Dec,19-Jan,19-Feb,19-Mar,19-Apr,19-May,19-Jun,19-Jul
industrial_aggregate_including_unclassified_businesses_6_7,"14,303,330","14,351,994","14,402,242","14,540,918","14,774,410","15,036,935","14,852,036","14,630,995","14,958,547","15,002,276","14,945,157","15,064,273","14,566,758","14,620,012","14,675,717","14,795,634","15,002,586","15,312,302","15,083,573","14,894,109","15,224,400","15,222,462","15,212,064","15,268,812","14,771,558","14,801,839","14,884,360","15,016,128","15,345,076","15,599,092","15,360,030","15,225,717","15,470,573","15,474,012","15,472,765","15,471,955","15,020,413","15,073,687","15,133,939","15,231,272","15,492,681","15,669,442","15,490,567","15,402,288","15,637,190","15,690,865","15,639,601","15,663,853","15,203,626","15,212,615","15,261,342","15,341,143","15,688,997","15,916,456","15,711,855","15,580,369","15,838,976","15,895,073","15,792,016","15,841,855","15,418,455","15,425,130","15,438,230","15,573,859","15,882,428","16,075,658","15,873,285","15,653,409","15,959,281","16,043,711","15,950,745","16,036,552","15,537,454","15,531,509","15,584,383","15,732,641","15,992,859","16,309,262","16,046,196","15,827,497","16,208,860","16,198,047","16,169,054","16,279,180","15,756,620","15,832,554","15,870,768","15,951,749","16,269,471","16,624,542","16,362,552","16,217,861","16,573,651","16,543,178","16,527,753","16,626,304","16,126,394","16,182,331","16,273,726","16,334,643","16,675,941","16,972,434","16,672,905","16,526,841","16,877,947","16,943,737","16,938,346","16,947,305","16,531,831","16,574,754","16,637,674","16,713,706","17,032,899","17,271,946","17,064,742"
industrial_aggregate_excluding_unclassified_businesses_6_7,"14,076,045","14,122,061","14,163,528","14,295,917","14,516,652","14,759,920","14,561,243","14,336,914","14,653,557","14,700,701","14,654,390","14,772,725","14,293,722","14,364,178","14,416,630","14,531,715","14,722,232","15,012,628","14,775,399","14,585,149","14,905,158","14,907,306","14,916,554","14,983,452","14,506,758","14,550,340","14,628,287","14,753,213","15,071,017","15,305,437","15,063,402","14,941,087","15,188,126","15,198,684","15,204,100","15,210,959","14,774,302","14,835,195","14,902,312","14,990,205","15,252,259","15,419,017","15,233,745","15,140,478","15,379,649","15,434,449","15,390,392","15,433,784","14,986,716","15,006,197","15,046,411","15,123,286","15,464,236","15,691,235","15,484,147","15,344,731","15,599,211","15,654,595","15,557,917","15,607,096","15,180,759","15,185,342","15,194,787","15,327,614","15,619,707","15,813,775","15,600,480","15,374,667","15,679,270","15,757,148","15,672,044","15,749,352","15,260,442","15,258,149","15,303,632","15,436,362","15,692,234","15,985,968","15,723,876","15,507,812","15,889,793","15,885,639","15,871,277","15,976,405","15,456,857","15,529,449","15,557,601","15,633,465","15,938,552","16,282,912","16,020,720","15,870,729","16,227,776","16,204,633","16,185,113","16,267,645","15,771,998","15,834,370","15,929,542","15,988,843","16,325,648","16,610,293","16,310,373","16,168,370","16,518,010","16,582,227","16,655,497","16,658,808","16,233,136","16,282,047","16,333,922","16,405,385","16,709,490","16,961,163","16,751,266"
goods_producing_industries_8,"2,459,709","2,490,726","2,507,671","2,555,420","2,658,253","2,739,022","2,755,553","2,748,308","2,765,346","2,744,594","2,711,743","2,685,473","2,541,042","2,583,773","2,600,919","2,647,089","2,720,870","2,816,915","2,832,056","2,814,319","2,847,468","2,813,640","2,798,230","2,760,246","2,603,581","2,632,926","2,660,821","2,698,961","2,823,265","2,899,737","2,908,372","2,911,213","2,902,298","2,891,264","2,864,998","2,819,001","2,671,184","2,708,091","2,724,865","2,754,344","2,848,381","2,889,508","2,928,821","2,941,131","2,922,439","2,911,303","2,872,539","2,822,470","2,674,088","2,718,541","2,719,956","2,741,736","2,862,830","2,939,635","2,961,407","2,970,199","2,960,776","2,952,258","2,904,123","2,864,867","2,710,998","2,730,493","2,720,834","2,755,124","2,879,802","2,938,779","2,949,144","2,937,687","2,933,289","2,912,519","2,856,138","2,813,923","2,663,032","2,657,421","2,670,182","2,718,577","2,807,139","2,889,173","2,898,481","2,881,009","2,901,502","2,862,420","2,840,781","2,828,728","2,671,450","2,708,793","2,719,903","2,748,083","2,860,653","2,961,397","2,971,012","2,981,294","2,990,336","2,951,286","2,937,152","2,897,855","2,751,623","2,792,684","2,810,253","2,834,021","2,950,475","3,032,777","3,040,091","3,038,491","3,038,873","3,024,238","3,021,306","2,966,911","2,834,280","2,861,782","2,863,381","2,895,733","3,007,781","3,073,670","3,087,356"
forestry_logging_and_support_9,"34,569","35,487","34,797","31,750","36,043","44,137","47,931","46,267","45,772","42,908","40,021","38,809","35,532","36,108","35,408","32,123","33,521","43,398","47,495","47,180","46,240","43,549","41,646","39,945","35,370","35,856","35,375","31,679","35,117","45,434","48,153","45,212","42,972","40,539","39,290","37,534","34,003","34,605","34,310","31,146","33,603","42,501","44,921","44,078","42,059","41,051","39,652","37,890","34,902","35,282","34,480","31,581","33,240","41,279","44,970","44,938","43,437","41,490","39,372","38,046","35,252","36,126","35,822","33,315","36,841","44,221","47,331","45,901","44,570","41,936","40,880","39,102","36,026","36,106","35,386","31,167","36,250","44,861","47,030","45,222","43,599","41,732","40,886","40,032","36,083","37,152","35,920","32,283","34,773","43,780","46,440","45,444","44,304","41,182","39,908","38,520","35,005","35,492","35,344","32,726","35,590","43,913","45,934","44,988","43,094","40,911","40,642","39,059","35,946","36,417","35,883","32,899","35,966","43,805","44,971"
mining_quarrying_and_oil_and_gas_extraction,"170,995","178,700","179,098","177,906","180,486","185,824","191,405","192,390","194,953","194,993","193,635","199,553","199,248","208,531","208,599","205,030","200,829","205,615","206,622","205,583","209,599","210,240","210,267","214,448","207,136","214,597","217,875","214,926","216,842","224,259","224,187","228,414","227,281","226,913","227,036","225,320","222,015","228,924","226,152","220,500","222,931","225,254","225,212","228,347","228,237","227,818","226,671","230,175","219,955","230,748","231,851","227,473","228,371","229,196","234,535","236,644","236,321","236,641","233,816","236,702","225,612","223,374","220,397","212,143","210,643","209,769","212,131","208,490","207,964","206,716","201,484","202,916","194,468","192,570","190,838","187,248","186,539","188,654","190,936","189,264","189,769","188,367","187,784","191,442","187,252","193,051","195,435","194,072","194,977","201,765","202,023","205,012","206,746","205,577","206,795","204,656","200,261","202,503","200,607","199,615","201,928","204,733","206,128","207,571","206,183","205,579","204,929","203,153","196,951","197,972","197,383","195,491","198,445","201,653","203,322"
utilities,"115,474","114,792","114,693","116,230","118,408","120,815","120,933","119,487","118,843","118,414","118,320","120,513","118,249","119,471","118,948","120,569","126,027","126,229","126,473","125,292","124,025","125,341","126,087","124,869","121,317","120,804","121,516","120,728","124,587","124,379","124,810","123,528","122,024","122,622","122,323","120,405","117,923","119,585","118,284","118,583","119,534","120,978","120,982","119,613","118,972","118,316","117,554","116,346","115,016","116,029","116,551","118,305","120,054","119,217","119,059","117,595","116,656","116,782","115,702","114,707","113,755","114,501","113,445","114,122","116,733","115,331","116,146","116,464","116,814","115,954","115,233","115,460","114,154","116,197","116,386","116,766","119,012","120,131","121,351","120,358","120,254","119,377","118,842","117,829","117,338","119,051","118,015","118,138","120,009","120,674","121,450","121,288","121,351","121,119","121,636","122,410","121,822","121,430","120,431","122,789","125,799","125,827","126,593","126,769","125,939","123,576","124,500","123,922","124,410","126,261","126,449","126,126","127,937","128,902","131,160"
construction,"716,909","724,739","739,610","776,244","836,694","875,047","879,851","896,670","902,576","895,836","878,435","834,634","746,174","760,182","772,461","800,978","851,650","906,739","918,274","923,624","940,717","928,792","915,667","871,792","776,460","794,235","809,152","843,531","916,040","957,386","966,734","979,071","985,725","982,181","966,300","925,028","827,975","850,386","865,387","892,292","949,895","967,263","1,001,408","1,024,627","1,024,380","1,018,014","997,441","945,910","847,103","873,913","878,378","897,257","974,681","1,024,197","1,030,792","1,055,219","1,062,428","1,056,708","1,027,918","975,111","871,136","885,896","888,138","913,550","996,388","1,031,073","1,032,682","1,050,969","1,055,936","1,047,471","1,010,688","961,333","868,554","869,599","877,818","919,650","972,991","1,016,711","1,029,173","1,031,849","1,047,369","1,029,727","1,011,216","981,386","874,136","894,900","901,519","925,262","994,567","1,049,277","1,058,607","1,072,256","1,082,710","1,065,423","1,047,028","1,002,301","894,124","918,485","933,774","949,123","1,023,380","1,071,156","1,079,099","1,087,811","1,101,425","1,093,269","1,085,576","1,026,667","933,823","945,682","953,611","974,371","1,043,441","1,087,014","1,094,058"
manufacturing,"1,421,762","1,437,007","1,439,474","1,453,290","1,486,622","1,513,199","1,515,432","1,493,495","1,503,202","1,492,443","1,481,333","1,491,964","1,441,838","1,459,481","1,465,503","1,488,389","1,508,842","1,534,935","1,533,192","1,512,640","1,526,888","1,505,717","1,504,564","1,509,192","1,463,298","1,467,433","1,476,903","1,488,096","1,530,680","1,548,280","1,544,488","1,534,988","1,524,295","1,519,008","1,510,049","1,510,713","1,469,269","1,474,591","1,480,732","1,491,823","1,522,417","1,533,512","1,536,297","1,524,465","1,508,791","1,506,104","1,491,222","1,492,149","1,457,112","1,462,569","1,458,696","1,467,121","1,506,484","1,525,746","1,532,052","1,515,803","1,501,933","1,500,637","1,487,315","1,500,301","1,465,243","1,470,596","1,463,032","1,481,994","1,519,196","1,538,385","1,540,853","1,515,863","1,508,005","1,500,442","1,487,853","1,495,113","1,449,830","1,442,948","1,449,754","1,463,746","1,492,348","1,518,815","1,509,992","1,494,316","1,500,511","1,483,217","1,482,053","1,498,039","1,456,641","1,464,640","1,469,015","1,478,327","1,516,327","1,545,901","1,542,492","1,537,293","1,535,224","1,517,985","1,521,783","1,529,967","1,500,412","1,514,775","1,520,097","1,529,768","1,563,777","1,587,149","1,582,337","1,571,353","1,562,231","1,560,903","1,565,660","1,574,110","1,543,149","1,555,451","1,550,054","1,566,845","1,601,992","1,612,296","1,613,845"
service_producing_industries_10,"11,616,336","11,631,335","11,655,857","11,740,497","11,858,399","12,020,898","11,805,690","11,588,606","11,888,211","11,956,106","11,942,647","12,087,252","11,752,680","11,780,405","11,815,711","11,884,626","12,001,362","12,195,713","11,943,343","11,770,830","12,057,690","12,093,666","12,118,324","12,223,206","11,903,176","11,917,414","11,967,466","12,054,253","12,247,751","12,405,700","12,155,031","12,029,875","12,285,828","12,307,421","12,339,103","12,391,959","12,103,118","12,127,104","12,177,447","12,235,861","12,403,879","12,529,509","12,304,924","12,199,347","12,457,209","12,523,145","12,517,853","12,611,314","12,312,628","12,287,655","12,326,455","12,381,550","12,601,406","12,751,600","12,522,740","12,374,532","12,638,435","12,702,336","12,653,794","12,742,229","12,469,761","12,454,849","12,473,954","12,572,490","12,739,906","12,874,996","12,651,337","12,436,980","12,745,981","12,844,630","12,815,906","12,935,429","12,597,410","12,600,729","12,633,450","12,717,785","12,885,095","13,096,796","12,825,394","12,626,803","12,988,291","13,023,218","13,030,496","13,147,677","12,785,407","12,820,655","12,837,697","12,885,382","13,077,899","13,321,515","13,049,708","12,889,435","13,237,441","13,253,347","13,247,961","13,369,790","13,020,375","13,041,686","13,119,289","13,154,822","13,375,173","13,577,516","13,270,282","13,129,879","13,479,138","13,557,989","13,634,191","13,691,897","13,398,856","13,420,265","13,470,542","13,509,652","13,701,710","13,887,494","13,663,910"
trade_11,"2,588,773","2,532,080","2,526,291","2,564,882","2,597,545","2,619,827","2,623,477","2,602,215","2,606,859","2,617,785","2,637,445","2,692,396","2,608,035","2,562,654","2,557,249","2,574,479","2,600,668","2,637,166","2,630,950","2,617,702","2,624,568","2,622,018","2,655,267","2,694,862","2,615,961","2,560,081","2,563,871","2,597,782","2,647,430","2,673,325","2,675,638","2,668,320","2,663,795","2,660,642","2,693,044","2,714,726","2,652,883","2,617,783","2,621,782","2,633,100","2,678,598","2,696,337","2,695,103","2,694,914","2,694,545","2,691,900","2,717,265","2,778,948","2,690,248","2,629,316","2,642,721","2,667,066","2,725,460","2,740,705","2,743,364","2,736,023","2,736,760","2,739,462","2,751,981","2,794,727","2,710,825","2,654,245","2,649,662","2,682,889","2,728,671","2,740,875","2,751,190","2,731,365","2,741,311","2,750,163","2,765,494","2,811,295","2,710,442","2,664,797","2,658,056","2,682,609","2,723,657","2,759,597","2,747,895","2,738,552","2,747,922","2,751,754","2,777,641","2,822,281","2,724,191","2,675,790","2,663,520","2,683,681","2,731,813","2,783,037","2,784,791","2,786,690","2,784,470","2,780,682","2,800,708","2,846,376","2,741,063","2,699,137","2,710,774","2,722,997","2,781,023","2,810,667","2,800,899","2,803,617","2,799,109","2,809,346","2,860,476","2,891,726","2,816,061","2,787,002","2,780,174","2,790,727","2,831,605","2,854,275","2,848,055"
transportation_and_warehousing,"652,068","653,275","653,248","653,967","655,412","667,633","655,721","649,528","668,025","664,801","663,369","671,706","659,839","660,933","660,026","665,700","667,125","681,831","669,206","668,855","683,574","684,455","684,048","695,115","676,981","677,265","675,526","678,067","689,275","699,152","690,697","689,681","710,632","708,665","706,958","711,304","694,601","691,234","692,345","693,455","702,998","712,311","702,583","699,857","719,985","717,230","715,861","723,745","707,463","704,300","699,986","702,277","716,429","725,147","717,858","705,177","725,369","722,797","719,361","726,734","713,565","711,704","709,264","711,931","721,215","735,213","722,079","709,220","725,951","729,100","727,433","738,065","723,733","715,195","710,526","717,883","726,254","737,040","726,893","713,601","738,972","736,550","734,154","747,364","727,518","725,071","719,927","724,833","734,929","749,038","736,972","729,271","750,627","746,803","750,709","762,663","745,229","735,693","737,509","741,037","752,107","767,323","754,607","749,506","776,552","778,297","781,538","789,282","771,792","766,604","764,101","764,470","773,325","785,875","776,204"
information_and_cultural_industries,"326,214","326,621","329,390","329,974","332,232","335,104","336,682","338,664","340,363","343,707","340,991","347,161","341,440","339,247","338,693","337,114","338,085","342,016","343,524","342,894","344,364","343,707","343,481","344,969","340,685","339,246","344,437","342,752","346,165","347,959","347,788","351,659","349,512","342,184","341,433","343,889","341,170","337,937","338,778","343,176","342,708","340,466","340,433","340,340","340,765","341,867","340,876","341,901","338,294","336,295","340,099","335,288","338,164","338,570","342,138","341,668","338,552","341,105","338,973","339,253","336,774","337,274","337,874","343,474","343,837","344,669","346,677","345,170","345,200","346,369","348,420","347,309","341,046","341,625","341,217","337,616","338,953","343,346","345,972","343,578","343,239","339,425","346,135","350,267","347,347","350,388","351,518","346,716","348,102","347,525","347,676","345,582","345,374","340,398","341,927","345,327","340,886","343,095","341,666","339,496","342,299","341,764","340,012","339,228","337,497","335,846","337,461","336,768","332,945","330,443","330,425","331,493","335,974","338,756","339,588"
finance_and_insurance,"683,626","679,647","677,062","679,460","681,332","687,768","687,317","682,380","680,909","684,771","688,084","685,173","677,918","682,613","679,724","683,603","684,117","692,466","690,855","685,798","684,730","682,838","684,729","691,036","693,015","689,579","689,067","689,310","692,569","700,489","695,706","692,852","691,427","690,492","692,712","699,750","698,472","691,933","691,513","692,163","694,392","703,416","706,274","705,580","697,983","698,759","695,486","706,248","700,944","699,154","698,715","701,721","706,321","713,660","710,317","709,879","704,312","700,709","699,403","707,682","706,050","702,565","705,470","707,465","709,044","717,817","716,281","711,283","707,846","707,621","712,039","724,446","721,576","714,497","714,832","717,176","719,975","723,298","726,133","722,388","721,655","722,642","724,222","729,085","723,398","722,559","719,863","719,943","727,943","728,643","730,169","727,836","724,341","721,665","722,862","728,725","724,594","724,021","723,903","725,350","731,044","738,088","736,392","737,044","732,811","735,810","739,900","750,712","739,091","735,527","740,150","746,945","745,710","750,909","756,063"
real_estate_and_rental_and_leasing,"248,667","244,246","243,114","245,162","247,853","255,432","256,325","253,340","253,387","251,598","253,509","261,145","251,697","251,985","249,939","249,255","251,954","261,226","259,134","257,530","257,394","252,263","252,474","256,205","247,422","245,831","246,795","247,000","256,652","261,723","262,592","263,445","260,665","259,370","258,539","259,774","255,443","257,671","261,416","262,053","267,266","274,770","276,412","277,801","274,315","272,805","272,434","279,022","269,350","265,890","268,642","271,632","279,085","287,109","288,567","289,117","288,318","285,499","284,815","290,173","281,741","279,603","277,427","282,040","286,232","292,418","293,906","291,102","290,673","295,058","295,296","302,407","291,910","289,575","284,070","284,254","288,800","298,304","297,520","294,189","296,400","293,337","292,231","298,722","289,639","287,060","283,411","285,388","291,259","300,870","300,359","299,989","301,526","297,349","296,357","299,992","289,623","288,582","287,722","285,235","292,031","299,170","297,327","296,838","298,508","296,759","297,022","301,284","293,382","291,340","291,714","292,083","298,458","306,014","303,698"
professional_scientific_and_technical_services,"747,067","751,043","754,957","758,713","765,037","771,672","767,897","762,710","761,190","761,153","765,244","779,704","761,307","771,259","776,356","780,308","786,410","794,372","793,250","790,842","790,387","788,314","793,620","806,027","794,698","798,742","794,357","801,617","814,946","825,225","823,668","817,010","811,609","810,074","814,413","822,263","801,869","808,458","809,812","814,576","822,146","832,066","830,025","828,754","826,326","825,194","826,763","836,034","819,850","818,238","823,250","827,929","839,404","852,554","852,024","854,695","850,967","851,752","852,474","858,517","843,849","845,891","846,940","850,036","857,301","863,785","861,461","860,074","855,508","853,193","850,704","866,383","849,621","848,039","849,449","852,342","861,763","869,716","866,837","864,798","866,325","866,023","869,849","885,927","869,254","873,731","876,103","879,146","892,715","901,245","897,944","898,708","897,530","893,823","897,917","914,727","898,868","905,656","916,013","919,683","934,314","940,216","938,385","939,204","935,279","937,841","945,235","961,401","947,391","948,449","953,272","956,396","968,091","980,448","986,738"
management_of_companies_and_enterprises,"112,092","106,883","105,941","107,053","107,759","108,848","108,489","108,237","108,376","106,199","104,433","107,551","103,009","101,836","101,026","101,682","102,502","105,865","105,481","105,727","104,062","104,311","106,573","108,620","106,127","104,790","105,623","109,371","113,105","117,171","117,204","116,755","115,976","110,792","110,797","110,760","105,613","105,012","105,890","106,043","108,381","110,117","109,858","105,982","106,569","106,944","107,404","107,115","102,855","102,080","101,787","103,372","105,524","108,046","108,463","106,148","106,134","105,237","105,324","106,937","106,180","104,759","101,944","101,838","102,206","104,792","104,186","102,487","103,955","103,127","100,851","101,977","97,479","96,728","96,473","97,686","98,144","100,103","98,995","97,690","98,543","98,942","95,898","97,336","95,876","97,766","95,514","96,143","98,489","101,238","96,628","95,927","96,747","98,791","97,041","99,546","97,548","98,682","99,027","100,014","102,498","103,977","105,703","105,423","106,842","108,188","109,516","110,309","107,971","105,891","105,210","107,137","109,660","112,681","112,658"
"administrative_and_support,_waste_management_and_remediation_services","691,169","706,951","708,873","719,609","731,685","748,531","753,179","748,009","752,255","750,352","741,491","738,941","708,130","713,766","715,941","726,929","744,999","761,013","762,352","759,320","762,935","758,555","752,327","750,543","717,809","715,123","721,751","734,564","763,452","777,242","780,579","782,266","776,576","774,843","771,222","761,828","725,539","726,580","733,251","738,962","762,465","775,942","781,755","792,270","792,773","793,201","784,624","771,072","744,115","740,751","745,984","751,920","786,618","798,791","797,926","801,813","801,835","800,607","784,984","776,870","747,174","740,910","744,525","755,054","784,560","797,944","805,188","799,646","806,398","797,733","785,073","780,311","741,880","748,874","751,641","763,361","778,713","804,073","813,503","810,494","817,922","806,380","800,580","800,226","760,446","758,506","764,063","776,921","803,351","827,109","826,407","830,951","826,321","819,197","811,256","801,423","772,936","774,165","778,589","788,925","811,552","835,229","832,214","833,031","843,186","841,265","843,760","825,935","793,143","794,739","796,157","796,459","822,178","843,220","852,412"
educational_services,"1,195,583","1,249,375","1,252,342","1,245,611","1,224,493","1,202,311","943,309","811,942","1,104,190","1,225,902","1,249,458","1,271,464","1,207,659","1,252,317","1,256,893","1,251,810","1,216,487","1,193,406","920,929","811,623","1,096,004","1,220,726","1,241,506","1,249,491","1,193,298","1,257,071","1,265,472","1,257,935","1,226,196","1,206,026","932,448","830,056","1,138,402","1,243,093","1,270,224","1,279,428","1,227,107","1,283,942","1,296,180","1,289,402","1,253,216","1,229,732","949,925","850,521","1,162,647","1,286,913","1,312,015","1,304,200","1,257,996","1,310,082","1,312,423","1,303,640","1,268,399","1,249,892","959,638","856,615","1,164,102","1,292,267","1,316,367","1,316,349","1,270,882","1,325,008","1,326,200","1,327,783","1,287,058","1,272,563","979,315","856,385","1,170,472","1,301,730","1,331,017","1,341,491","1,281,780","1,336,571","1,345,951","1,346,203","1,310,999","1,296,550","992,120","873,566","1,201,170","1,326,599","1,354,419","1,363,839","1,290,044","1,362,241","1,370,706","1,361,877","1,324,190","1,317,701","1,018,194","889,697","1,245,345","1,370,667","1,385,320","1,404,880","1,335,570","1,400,595","1,413,144","1,400,404","1,369,157","1,357,973","1,049,486","918,913","1,280,855","1,402,403","1,432,912","1,433,201","1,373,345","1,438,473","1,451,836","1,453,080","1,414,280","1,397,108","1,100,625"
health_care_and_social_assistance,"1,615,777","1,615,728","1,625,395","1,628,746","1,629,547","1,650,965","1,661,535","1,656,252","1,657,800","1,650,644","1,652,790","1,676,799","1,653,618","1,646,965","1,662,776","1,668,656","1,669,772","1,686,627","1,699,977","1,696,176","1,698,236","1,688,931","1,696,457","1,711,846","1,687,184","1,686,478","1,695,031","1,701,156","1,711,523","1,725,734","1,737,262","1,735,741","1,728,989","1,726,370","1,731,152","1,739,416","1,730,200","1,719,897","1,723,545","1,729,659","1,741,175","1,750,776","1,764,530","1,759,201","1,756,168","1,748,978","1,755,770","1,775,307","1,757,861","1,757,408","1,755,064","1,759,386","1,773,592","1,788,026","1,803,244","1,793,634","1,792,823","1,786,714","1,785,775","1,801,676","1,792,635","1,792,344","1,795,186","1,800,863","1,804,442","1,818,610","1,834,928","1,824,168","1,829,342","1,831,805","1,832,369","1,846,343","1,839,033","1,836,449","1,850,562","1,856,395","1,864,854","1,884,026","1,900,026","1,891,846","1,896,036","1,891,797","1,896,122","1,906,287","1,884,632","1,886,334","1,893,310","1,892,690","1,900,548","1,924,604","1,936,020","1,927,829","1,934,937","1,927,746","1,933,063","1,948,669","1,933,048","1,924,550","1,937,417","1,943,507","1,954,074","1,976,835","1,982,411","1,990,810","1,991,260","1,996,091","2,002,299","2,011,256","2,000,058","1,997,371","2,006,751","2,006,587","2,023,539","2,045,691","2,061,347"
arts_entertainment_and_recreation,"216,122","218,644","220,941","234,614","251,741","270,522","283,855","280,564","270,463","248,926","223,860","222,790","217,774","221,073","221,963","230,577","251,590","274,614","286,641","281,234","276,437","254,145","231,857","227,879","221,647","224,842","228,258","236,369","257,675","275,681","288,922","285,099","272,418","252,437","233,248","229,015","224,894","228,805","229,906","232,786","256,969","275,653","290,693","288,311","274,040","257,122","236,236","233,155","229,905","230,925","231,315","234,805","260,960","280,620","295,632","292,799","280,131","260,385","234,791","233,902","230,182","230,221","233,713","240,552","268,166","289,382","305,713","300,907","295,212","281,005","256,061","254,064","247,641","253,435","256,209","262,860","284,812","309,913","325,111","320,348","314,702","291,884","270,565","269,904","262,904","266,320","268,140","272,107","295,640","322,672","336,256","332,941","320,809","297,015","274,181","273,104","268,371","272,602","277,219","276,631","307,666","328,605","345,964","338,769","326,305","305,673","287,817","285,004","282,200","283,117","287,928","292,156","318,864","338,884","356,361"
accommodation_and_food_services,"1,030,641","1,030,969","1,031,790","1,036,229","1,071,627","1,108,718","1,122,047","1,105,367","1,109,831","1,086,756","1,067,042","1,070,493","1,041,495","1,040,224","1,048,734","1,063,788","1,094,222","1,131,137","1,142,203","1,139,959","1,145,027","1,122,528","1,107,930","1,113,059","1,079,952","1,075,311","1,085,518","1,108,008","1,144,945","1,179,175","1,187,071","1,187,864","1,180,993","1,159,773","1,146,649","1,146,454","1,113,734","1,112,460","1,123,660","1,147,188","1,191,312","1,217,985","1,231,907","1,235,338","1,221,096","1,200,133","1,174,338","1,175,655","1,147,380","1,139,169","1,145,562","1,158,708","1,205,174","1,238,014","1,251,845","1,253,801","1,247,101","1,226,743","1,201,012","1,201,758","1,174,720","1,168,743","1,178,787","1,195,785","1,244,652","1,270,729","1,287,243","1,281,744","1,278,133","1,262,289","1,235,409","1,241,070","1,205,051","1,199,071","1,211,783","1,228,937","1,270,477","1,308,667","1,322,734","1,318,970","1,320,543","1,293,443","1,269,395","1,272,680","1,236,550","1,230,696","1,246,025","1,259,821","1,303,157","1,347,132","1,350,814","1,351,674","1,354,004","1,320,956","1,298,613","1,299,138","1,263,808","1,255,221","1,268,205","1,281,359","1,322,290","1,366,160","1,366,806","1,369,324","1,364,579","1,335,379","1,318,567","1,323,262","1,290,462","1,279,654","1,290,997","1,298,531","1,340,092","1,380,878","1,402,247"
other_services_except_public_administration,"493,877","495,156","500,252","506,068","510,268","518,153","518,849","512,802","514,762","515,301","515,394","519,343","503,337","505,884","509,959","514,287","517,033","527,218","530,514","527,564","528,997","527,287","529,649","529,768","510,011","513,671","518,093","519,224","529,215","535,917","536,898","536,773","533,220","533,108","535,209","538,237","520,118","525,012","527,364","534,071","538,753","542,976","547,242","546,786","542,080","543,409","542,975","544,489","529,070","530,866","533,561","537,802","547,846","555,594","559,291","554,087","553,328","553,596","550,019","553,360","538,221","540,407","540,318","544,650","548,523","554,542","559,331","550,675","547,603","549,403","546,312","546,565","526,645","525,186","527,235","531,391","536,897","546,136","543,901","540,549","542,173","538,964","537,722","544,951","524,160","526,755","527,946","531,706","539,395","550,904","551,164","548,614","550,322","547,234","545,273","547,940","531,054","531,339","535,674","539,909","549,856","558,402","556,665","554,639","554,892","554,140","558,189","557,192","543,253","541,816","546,291","549,422","557,400","565,703","569,335"
public_administration,"1,014,659","1,020,717","1,026,261","1,030,408","1,051,867","1,075,414","1,087,008","1,076,595","1,059,802","1,048,212","1,039,536","1,042,586","1,017,423","1,029,649","1,036,431","1,036,440","1,076,395","1,106,758","1,108,327","1,085,605","1,060,973","1,043,589","1,038,408","1,043,787","1,018,386","1,029,383","1,033,666","1,031,099","1,054,604","1,080,880","1,078,559","1,072,354","1,051,614","1,035,577","1,033,503","1,035,115","1,011,476","1,020,381","1,022,004","1,019,227","1,043,499","1,066,962","1,078,184","1,073,692","1,047,919","1,038,690","1,035,805","1,034,424","1,017,298","1,023,183","1,027,344","1,026,004","1,048,429","1,074,872","1,092,431","1,079,076","1,048,704","1,035,463","1,028,514","1,034,293","1,016,966","1,021,176","1,026,646","1,028,132","1,053,999","1,071,657","1,083,840","1,072,753","1,048,377","1,036,032","1,029,427","1,033,704","1,019,574","1,030,687","1,035,447","1,039,074","1,080,796","1,116,029","1,117,754","1,096,234","1,082,690","1,065,481","1,061,562","1,058,808","1,049,450","1,057,437","1,057,652","1,054,411","1,086,369","1,119,798","1,136,315","1,123,727","1,105,087","1,091,023","1,092,734","1,097,281","1,077,778","1,088,348","1,092,425","1,090,275","1,125,261","1,153,106","1,163,412","1,153,534","1,131,462","1,120,953","1,119,498","1,114,566","1,107,763","1,119,838","1,125,538","1,124,167","1,162,535","1,187,050","1,198,579"
unclassified_businesses_7,"227,285","229,933","238,714","245,001","257,758","277,014","290,792","294,081","304,990","301,575","290,766","291,548","273,036","255,834","259,088","263,919","280,355","299,674","308,174","308,960","319,241","315,156","295,510","285,360","264,800","251,499","256,073","262,915","274,059","293,655","296,627","284,629","282,447","275,328","268,665","260,995","246,110","238,492","231,627","241,067","240,422","250,425","256,822","261,811","257,542","256,417","249,208","230,069","216,910","206,419","214,932","217,857","224,761","225,221","227,708","235,639","239,765","240,478","234,099","234,759","237,695","239,789","243,442","246,245","262,721","261,883","272,805","278,742","280,011","286,563","278,702","287,200","277,012","273,360","280,751","296,279","300,624","323,294","322,320","319,685","319,067","312,408","297,777","302,776","299,763","303,105","313,167","318,284","330,919","341,630","341,832","347,132","345,875","338,545","342,640","358,659","354,395","347,961","344,184","345,800","350,293","362,141","362,532","358,471","359,936","361,510","282,849","288,497","298,695","292,707","303,751","308,321","323,409","310,782","313,476"
